3M,3MK,4 WORLD,4World,A+,ABS,ACCEZZ,AceFast,Acer,ACME,ACT,ACTIVE,Adam Elements,Adam Hall,Adda,Addison,Adore,AGORA GLOBAL,Aiino,AJBA,Akami,Akyga,Alexer,AlexVerity,alfaMobility,ALITA,Allocacoc,AMD,American Tourister,Amis,Amphibious,AMZA BAGS,Andowl,AndrexNET,Andyluc,Anker,AOM,Apacer,Apexel,Apple,APT,Aptel,Arctic Hunter,Ariscorp,ARREVIAN,Art of Polo,Artwizz,ashop,ASKSA,Astrum
ASUS,At-Aroma,ATEN,Ats,AudioQuest,Aukey,Avantree,AWAVO,awwaline,Axagon,Axon,Bandridge,Bange,Baseus,BCT,Be.ez,Belkin,Benice,Benzi,BERTONI,Bestlife,Bestway,Betlewski,BGTB,BIBILEL,BiggDesign,Bigshot,BITROM,Bivier,Black,BLACK IT,Blasko,Blaupunkt,Blent,BlitzWolf,BLUE,BMW,Bobo,Boll,Bombata,BOMSTOM,Boneruy,Bontec,Borofone,Bosign,Bouletta,Brackets,Bradma,Braun Group,BRAVOSHOP
Bremen,BRINCH,Brødrene,BUBM,Bugatti,buz,C2G,Cabelcon,Cabletech,CABLETIME,CABLETRONIC,Cablexpert,CalDigit,Cali,Callypso,CanvasArtisan,CANVASLIFE,Canyon,CARTINOE,Case Logic,Case-Mate,CaseLogic,Caterpillar,CEG,CELLTEK,Celo,Celsius,Cerruti 1881,CESIMEX,Charlie,CHESTER,CHOETECH,CIMUTO,CLASStitude,CleanPC,Co2,Compatibil,ConnectX,Converse,CoolBELL,COOLER MASTER,CoolPack,CORSAIR,CoZaSpinki,Crong,CRT,CS,Cubis,D&N,D.Rect
DABASIR,DacEnergy,Daco,Dakine,dalimag,darkFlash,DARO,Datalogic,David Jones,Deco,Decoded,DecoNest,DecorCasa,DeepCool,Defender,Deliny,Dell,Delock,DELTACO,DesQ,Detech,Deuter,Dicallo,DICOTA,DIGITUS,Diplomat,Dipol,DIRECTPC,Disney,Dittom,Diversi Producatori,DNP ACCESORII GSM,Doctor Laptop,Dollcini,Dolphix,Donnay,Doty,DP-COLLECTION,Drimus,DRL,DRMS,DTBG,Dudao,DUPARA,e-phoria,E-Table,E5,Earldom,ECARLA,ECONECT STORE
ECOSUSI,EDAR,Edman,Ednet,Edy Market,EGO Interiors,Eindhoven,EJ PRODUCTS,El Potro,Elago,ELdepo,Electric,Electro,Elektro,Elevate,Elgato,Eliandeco,ELITEBRAIN,Ella Icon,Ellehammer,Elleven,Elmak,elSales,eMachines,Emtex,Ergo Office,Ergomaker,ErgoOffice,Escalate,Eshark,eSimplu,ESPERANZA,eSTUFF,Evelux,Everestus,EVERKI,EVOffice,Evolt,EVOLVEO,EVTrend,Ewent,Explorer Cases,Exponent World,Faintec,Falcon,Fara,Fellowes,Ferrari,Field & Co,Fiesta
FIXED,FOLDING,FONEX,Forecast,FOXMAG24,Frankystar,Freecom,FsH,Fujitsu,G Glixicom,G-Tech,Gabol,GadgetMonster,GadgetX,Gaia,Garami Shop,Gateway,Gembird,General,Generic,Genesis,Genius,Genta,Germag,gitfos,Globeclick,Glow Goods,Glyph Production Technologies,GMM Group,GMO,GOGEN,GOGOU,Golden Wolf,Goobay,Goodis,GraphiteK,GravaStar,GREATON,Green Cell,Griffin,GRUNBERG,Grundig,Guess,Gymmag,H HCT TRONIC Household Components for Tomorrow,HAGiBiS,Halber,Hama,HAVIT,Haweel
Hazard,Head,heaven-gifts,Hemper,Herum,Hessa,Hewlett Pacard,Hewlett-Packard,Hexagona,Hiegreen,Himawari,HNSMART,Holdit,Homania,Homcom,Homelux,Homs,HP,HTPhone,HTPMAG,Huanuo,Huawei,Huex,Huion,Hummel,Hunter,Hurtel,HYT,i-JMB,I-PEX,I-STAY,i-Tec,iberry,iBOX,ICARER,ICY BOX,ICZI,ijoynewk,iKlassQeer,iKneonei,IMK,Impact,Import China,InCase,Incipio,Incredible,INEXUS,InfoTouch,InfoTouch MyTable,InfoTouch OEM
InLine,Inna,INNOVAGOODS,Intel,Inter Tech,Inter-Tech,Intex,Invincio,iSkew,Iso,Iso Trade,IsoTrade,iTec,iZowe,J5create,Jiafen,Joy start,JRC,JRH,JRing,JuniBelle,JUPITER BRANDS,JUST DREAMZ,K KATHODE,Kanex,Karactermania,Karemi,Karl Lagerfeld,Karll,KATHODE,Kaukko,Kensington,KIK,Kingsons,Kingstone,Kinmac,KKTONER,KlaussTech,KLIM,Konig,Koracell,Koruma®,Koson,krasscom,Kring,Kruger&Matz,Kubetron,kwmobile,L-line fashion,L33T GAMING
Laimoci,Lamex,Lamonza,Lampa,Lanberg,LaptopZone,Laut,Lazysmart,LC Power,Leexo,Leitz,Lenovo,Lenovo Thinkpad,level444,Lexon,LG,LightApp,Lindy,LINEDOCK,Linomag,LiteON,LittleDomi,Liugast,LMP,Logic,Logic Concept,LogiLink,LoKass,Loren,Lovevook,Lowe Alpine,LYTOP,M&W,Maan,Macally,Maclean,maffstuff,Magazinul De Genti,Magma,MAIDESTEPT make it simple,Majurphy,MAKS,Malipen,Mammut,Manguo,Manhattan,Mark Adler,Mark Ryden,Marvo,MARYALEX
Maxell,Maxximus,MBR,Mcdodo,Mechanic,MECO,Media-Tech,Meijieluo,Menton,Mercedes,Meteroris,MF & STAN IMPORT,MF&STAN IMPORT,MicroConnect,Microsoft,Microtech,Midmoon,MikaMax,Millenium,Mindblower,Minix,MinTech,Miquelrius,MIRANO,MMB,Mobile Pixels,Mobile Tech Protection,Modecom,MODULOSY,Moko,momohippo,monray,MorFansi,Moshi,Mozos,Mrd Leather,MRG,MSI,MT MALATEC,MTP,Multibrand,MVUCA,Myria,Natec,National Geographic,Nativa,Native Union,Nebunici,Nedis,nelbo
NEMO,NeoMounts,Neutrik,Newstar,NEXT ONE,NEZ,NGS,Nilkin,Nillkin,Nilox,nizi,No brand,no name,NOD,Nolito,Nonda,Norstone,Notebook,NOUSEG,Numark,NUODWELL,OAKYWOOD,OEM,Ogio,OKADE,OMEGA,OMOTON,ONO,Optim,Orico,Origin,ORIGINAL DEALS,OTB,OTG,Overwatch,OWC,Oyama,Ozuko,Packard Bell,Pacsafe,Palmonix,Paolo Peruzzi,PARAFASA,PARUNIV,pecan,Peli,Pepe Jeans London,Phenom,Phuture,PICOM
pijama,piksel,Pilot Lampa Italy,PIQUADRO,PLATINET,PLATINO,PNI,PNY,poetik,Polion,PORT DESIGNS,POSO,Poss,Pothai,PowerTech,Praize,Premium,Premium Maker,Premium Quality,PremiumCord,Prestigio,Primemag,pro.tec,PROCART,Promate,PROMERCO,Protech,PST,PULSE,PURO,Pyramid,QIALINO,Qilive,Qoltec,QUADRA,QUALBRAND,Quasar & Co.,Quer,QUICK,R-GO,Raidsonic,Rain Design,Razer,Real Cable,REBEL,RECOSTORE,RED Mobile,Redragon,reflection vision,Reform
Regal,Relax Days,Relaxday,Relaxdays,Replacement,Retoo,rikbo,Ringke,Rivacase,RMEGA,Robustand,Rocketek,ROCS,RoHS,Roline,Romoss,RONIC,Rosfix,ROTECH,Rovicky,ROYAL,RUSS,Ruxandra,SAFEMORE,Safta,saiconcept,Samsonite,Samsung,Samus,Sandberg,SANTORO,Sassy,Sassy Fashion,SATECHI,Satlink,Savio,SBOX,sdx-concept,Seagate,SelecLINE,Selgot,selling depot,SEMERAY,Serioux,Sevilla Fútbol Club,SFDSRO,ShopRR,shopU,Shugon,SIGLOO
Signal,SIKS,SilentiumPC,SILKASE,SilverHome,Sirio,Sita,Smart Gadget,Smatree,SOHO,Solier,SOLLUXE,Songmics,Sony,soumixpro,Spacer,Speck,SPEEDLINK,Spigen,Spirit of Gamer,Sponge,SPRINGOS,Sta,Starpack,Startech,stefania,Stelxis,Stilno,STM,Suissewin,Sundiguer,Supcase,SupraCables,SUREFIRE,Suveran,Suzetta,SVEN,Svensson,Swiss Peak,SWISSANT,SWISSTEN,SwitchEasy,SWIZA,SYNO,T'nB,Table Mate,Tamaris,Tanat,Targus,Tartek
Taurus,TECH-PROTECT,TechDelivery,Techly,Techmoon,TeckNet,Telemag,Telforceone,Tellur,Teox,tetonq,The Bridge,The Chesterfield Brand,The Mandalorian,The Phone Closet,Thermaltake,Thomas,Thule,Tiessa,TIGERNU,Timburly,Timeless tools,TimeTrade,Titan,TnB,tomtoc,Tony Perotti,Top Marriage,Torrii,Toshiba,Totto,TRACER,TRADIO,Travelkit,TREIGARA,TRENDnet,Troika,Trunk,Trussardi Jeans,Trust,Tucano,Twelve South,U.S. Polo Assn.,UAG,UGREEN,Ugyismegveszel,UIQ,Unic Spot,UnicUtil,Unika
uniq,United Entertainment,Unitek,Universal,Upzz,URBAN ARMOR GEAR,Urban Factory,US,US POLO ASSN,Usams,Util Land,V7,Vakoss,Valentini,Value,VALUELINE,VANTALL,Vaxiuja,Vaydeer,Vention,Veovision,Verbatim,Verk Group,VerkGroup,vidaXL,Vivo,Viyogo,Vogart,VonHaus,VOOC,Watson,Wavlink,WD,WDR,Weixier,Well,WELUOT,Wenger,WEPLUS,Weser,Western Digital,WHITE SHARK,WHITESHARK,WidgetsLine Kft.,Wild Woods,Wings,Wiwu,Wonder,WonderWorker,WONLYUS
WOODLAND,Worldpack,WOWANG,WTO,XD,XD Design,XD Xclusive,Xiaomi,XO,Yana,Yenkee,Yesido,Yigo,Youthup,YULMI,Zagatto,Zalman,Zenino,Zenix,zenwire,zggzerg,ZIK,ZOLA,ZOLIA,zoreya,ZYuuan,ОМ Маркет
360,360 Full Body + Folie,360 Ultra Slim,3D,3M,3MK,3mk Protection,3SIXT,4-OK,4Cars,4D Edge,4LOOK,4smart,4smarts,4World,5D Edge,5D Full,5D Full Glue,5D Glass,5D Tempered Glass,8Bitdo,9h,A+,A-DATA,Abart Pro,ABC Tech,Abcros,Abko,ABS,acdcdependent,AceFast,Acer,ACME,Acoustibox,Acrylic,ACTIVE,Activeshop,Actual Investing,Acura,Adam Elements,adaptor sim,ADATA,ADBL,adidas,adidas Originals,Adisc,Adonit,ADS,AdTec,AFC
AFC MOBILE,Afoskce,After,Aftermarket,AfterShokz,Afurdel,AG,Agfaphoto,AGORA GLOBAL,AhaStyle,AI & E,Aida HER,Aiino,Aimi,AIMMOR,AINOYA,Aiora Press,AIR,Air Case,Air Magnet Case,Air Noble,Airaux,AirBeats,Aisha Store,Aisi,AIX,Aix Professional Bussines,AJB,AKAI,Akashi,Akciós Pláza,Aku,Akyga,Akyta,Alainn,Albacom,Albacom Biz,AlbacomBiz,Albrecht,ALC MOBILE,Alca,Alca Germania,Alcatel,ALDER,AlecoAir,Alegro,alfaMobility,Alfkary,ALI,ALIAN
AlianX,Alien,Alien Surface,AligatorShield,ALIKI,ALITA,All Ride,Allbrave,Allcacoc,AllCall,allgoods,Allison,Allocacoc,Allview,Almar,Almastokok,ALOGY,Alpi Tech,alte,Alte brand-uri,Alte marci,Altele,AlvacomBiz,ama,aMagic,AmaizingThing,Amazfit,AmazingThing,Amazon Basics,Amazone Tech,Amber,Ambient Aroma,AmbiLife,Ambrant,Amco,AMG,AMIO,Amis,Amobis,AMORUS,Amtech,Amtok,amXea,AMZN,Amzo,Anank,Andida,Andowl,AndrexNET,Android Homme
Andyluc,Anexa,Angel City,Angel eyes,Angelbird,Angora,Angry Birds,Anker,Anpro,Anself,Ansmann,AntiGravity,Anymode,AP,Apacer,Apachie,APC,APC GSM,APCGSM,Apexel,APLAN,appel,Apple,Apple - compatibil,APT,Aptel,Aquarius,Aquashield,araree,ARCTIC,ARDE,Arduino Clone,Ariscorp,Arium Korea,Armband,Armor,Armor Carbon,Arpex,Art,ART IDEAS & SOLUTIONS,ARTC,Artwizz,Arun,Asea,ASG,ASKBORG,ASKSA,ASSMANN,ASTOYS2018,Astrum
ASUS,ATEN,Atlantic Mobile,Atlas,Atlas,Atom,ATRAX,Ats,ATT,attodigit@l,Attract-I,ATx,Aubess,Aucied,Auckly,Audi,Audio,Audio Technica,Audio-Technica,Audiocore,AudioQuest,AudioTzar,Aukey,Auto,AUTO FOCUS,Autobliz,autoEVO24,Autofocus,AutoMax,Automix,AutoStyle,Autumn Art,AVALCASE,Avanca,Avangarde,Avantree,Avenue,Avex,AVLink,AVO Tech,Awei,Axagon,AXELEN,AxPower,AZIAO,Aztec,Azuri,Babaco,Bagmovil,Bailong
Baku,BALEK,Bamboo,Bannio,Barbie,Barste,Baseus,Bass,Bass Polska,BattleShop,Baty,BCT,Be yourself,Becker,Beeyo,Beeyoo,Beldray,Beline,Belkin,Bell & Howell,BellFyd,Bellroy,Benks,Benson,BENWIS,bepo,Bersha,BERTONI,Bervolo,besdio,BeSmart,Best,Best Mom Ever,Best Suit,Bestand,BestCase,Bestdiverse,BESTEK,BestMobile,BestSuit,Bewello,BEWOOD,BEZ,BGold,BGTB,BHD,BIBERCAS,BIBILEL,Bibilel Kids,Big Shot
BigBen,Bigblue,BigBuy,Bigshot,BIKE,Bilitong,Bimkole,Bingo,Biuro Ochrony Smartfona,Bivier,Bizon,BKS,Black & Decker,BLACK BERRY,Black Eye,Black Rock,Black Shark,BlackBerry,BlackStuff,Blackview,BLASHORN,Blasko,Blaupunkt,Blautel,Blent,Bling,Bling World,Blips Magnify the world,Blister,Blitwzolf,Blitz,BlitzWolf,BlitzWolf®,Blow,BLR,BLU,Bluboo,BLUE,BLUE DIGITAL,Blue Gifts,BLUE POWER,BLUE Shield,Blue Star,Blue Star Premium,Blue Star Tempered Glass,Bluedio,Bluelake Performance,Blueline,BlueLounge,Blueo
Bluestar,Bluetooth,Blun,Blusmart,BMG,BMW,Bobodeal,Bodhi,Bogved,Bold Cases,BOMSTOM,Book Case,BOOMPODS,Borofone,BOSCH,BOSO,Bouletta,Box,Boya,Braket,Brandit,Brateck,BRAVOSHOP,Bremen,Bresser,Brotect,Brsthones,BS,Bside,BT4U,Budi,Bugatti,BULSIDE,BUR,Burga,Buxton,buz,Buzzard,BV,Bwoo,BYONDSELF,BYZ,BzStore,C360,Cable,Cable Expert,CableExpert,Cabletech,CABLETIME,Cablexpert
CABSTONE,Cadorabo,CAFELE,Calans,Cali,CallMe,Camelion,Cameron Sino,Camino a Casa,CAMRY,CAMSHIELD,Candy,Canvas,Canyon,Car Mounts,Caracol,Carbon,CARBON GLASS,Carcommerce,Carface,CARGUARD,CARMAX,Carmount,Carpoint,Carson,Carsons,Cartek,Cartrend,Case,Case Fashion,Case mate,Case-M,Case-Mate,CaseGadget,Caseink,Caseme,CASEOLOGY,Caseual,Casey Studios,CASI,Casti,Cat Good,Catalyst,CatMobile,CBM,CCM,CE Contact Electric,Celbro,Celebrat,Cell Pro Shop
Cellara,Cellect,CellLine,CELLTEK,Cellular Line,Cellularline,Celly,Celo,Celsius,Cematico,Cento,Ceramic,Ceramics,Ceramix,CERBO,Ceriu,CeruleTree,Cg mobile,CG Mobile / Guess,CG Mobile / Karl Lagerfeld,CG-Mobile,CH,Champion,CHARGE,Chigoods,CHINA,China fashion,CHOETECH,Chotech,Christmas Pattern,Chroma,CHT,CIMUTO,ciocotec,CLASSIC,CLASStitude,CLAXNET,CleanPC,Clear,Clear Case,Clear View,Clearview,ClickGSM,CLIP SONIC,CLUSTERZEN,CMP,CMP PARIS,Co2,Colas,Colorfone
Colorful,Coma,COMANDO,Comma,Compaq,Compatibil,Compatibil Apple,Compatibil cu Apple iPhone,Compatibil LG,Componenteonline,Compostable & Co,Comunitatea Europeana,CONNECT,CONTAKT,COOCHEER,Cool Mom,CoolBox,Coolden,CoolMobile,Cooltek,CORALDO,cosbi,Cosmeticos,COVER,Cover It,Cowin,Crazy Cat,Creative,Cridem,Crisp & Clear,Crivit,Crong,Crossbeats,CRT,Crystal Glitter,CS,CSC - CAME SAW CONQUERED,Cube,Cubeca,Cubis,Cubitt,Cubot,CUBZ,Cuchi Shop,Custo,CyberPower,Cyclop,Cygnett,Cyoo,Cyril
CYTHERIA,DacEnergy,Dacom,Daden,dalimag,DaliRo,Dandelion,Danex,DAO,Darklove,DARO,Dasef Electronics,DAUSEN,Davidsop,DAVISOP,Davsiop,Daxi,DBB Hardwear,dbramante,DC,DC Comics,De Tech,Decalaki,DECLARE,Decoded,DeepBass,Defender,Defender+,DEFENSLIM,DeFunc,deHaine,Deji,DEKKER,Delight,Deliny,Delkin,Dell,Delock,DELTACO,DELTOID Hungaria Kft.,DeLux,Denex,DenisNetwork,Denmen,Denon,Dension,DENVER,Denver Electronics,Despicable Me,Detech
Devi,Devia,Devia Kintone,Dexler,Diamondprotect,Diesel,Digi,digiBUDDY,DigitalX,DIGITUS,Digz,Ding,DISCGO,Disney,DistributionMagi,Dittom,Diva Life,Diversi Producatori,Diztronic,DJI,Djroll,DLX,Dmr,DNP ACCESORI GSM,DNP ACCESORII GSM,Dobacner,DOC United,Doca,Dock,Dogfish,Doimag,Doimag Top Online,Dolik,DOMDRIVE,Domemit,Doormoon,Doty,Double Exposure,Dr.Shield,Dream,Dream Works,Dreamworks,Dreamysow,Drop,Dual Silicone 360°,Dual TPU,DUCATI,Dudao,Dudu,Dunlop
Dupu,Duracell,Duragon,Dux Dicus,DuxDucis,Duzzona,DVA,Dvision,Dynamic,Dynamite Case,DZgogo,E-BESTBUY,E-BODA,E-msartgadget,e-phoria,e-smartgadet,E-smartgadget,EAM,EarFun,Earldom,Easy,Eazy Case,EBIN,Ebuy,EC Technology,Eco Miracle,Ecoflow,Ecoglassware,ECONECT STORE,EDAR,Edifier,Edman,Ednet,EDOTON,Edy Market,EFAYN.RO,EFOX,efoxcard,EFOXMOBILE,EFX,EGO,Egyéb,EGYÉB GYÁRTÓ,Eiger,Einparts,EinParts Automotive,EJ PRODUCTS,EKSPO,Elago,Elari
ElastiX shop,Elecder,ElectriX,Electro,Electro Jelly,ElectroAZ,Electroplated TPU,Electroplating,Elegance,Elekom,ElektroDream,ElektroStator,Element Case,Elgato,ELGLOBALL,Elitech Electronics,eLIVE,elSales,ELTO TEC,elukshop,Elword.,Elworld,Emanuel,EMCO,EMESZON REACH YOUR DESIRE,EMN,Emos,EMOTION,Emtec,Emtex,EMULTIMAG,EMY,Endoscope,Eneloop,Energenie,Energizer,ENERGY SISTEM,Energy Sistem - Испания,ENERGY SYSTEM,Enerpower,ENKAY,Enso,Envie,Envirobest,Envisage,EOM,Eon,EONLINE,eOptima,EPENYU
EPICGUARD,Epico,Epoch,EPOS-SENNHEISER,EQUIP,ER Case,eR D L,Erfello,Ergok,Erik,Escalate,eselect,eSimplu,ESL by Essential Level,ESPERANZA,ESR,Essager,Est,ESTELLE,eSTUFF,ETK,Etlephe,Etui,Euotboup,Euro Cell,EUROAMA,Eurocel,Eurocell,Evelatus,everActive,Everestus,EVO,EvoSmart,EVT,EVTrend,Eway,Ewent,EXA VISION,Excitat,EXCLUSIV,Exclusiv Online Deals,Exemplu Mobile,Expert,EXTOL ENERGY,Extralink,EXTREME,Extreme Style,Ez Stick,EZGETOP,EZRA
Fabric,Fabrica de folii,FAC,Faintec,Fancy,Fancy Book,Fantasy,Fara,Farrot,Fashion,Fashion Case,Fashion TPU,FashionCase,Fast Charge,FAST DIGITECH STORE,Fast wireless charger,Feathered B&W,Feegar,Feifan,Feiyu Tech,FElF,Fenda,FENICE,FENiX®,Fenrys,Ferrari,Feych,FIAMM,Fiesta,FIFO,FILMER,Filson,Fineblue,Fino,Finshop,FIREBIRD,First Wide Web,Fisheye,FITFORT,Fitletic,Fix,FIXED,FL,Flash,FLAT,FlavourDesign,Flexzon,Flip,Flip Case,Flip Cover
Flippy,Flippy®,Floral,Florenta Total A.M 2005,FLOVEME,Fluxshop,FLY,Folex,Folia,folie,Folie 3D,Folie Sticla Securizata,Foliidesticla,FONEX,FONI,FONIX,Fonken,Force,FORCE GLASS,Forcel,Forcell,FORCELL Mirro,forcelle,Ford,Forest,Forever,Forever Core,Formlabs,FosPower,FOXCONN,FOXMAG24,FreedConn,Freedy,FREESTYLE,Fresh'n Rebel,Fresner,FREYA,Friends,Frontkare,FUGASUN,Fujifilm,FULL,Full 360° Hard,Full Cover 360,FULL FACE,Full Glue,Full Glue 5D,Full Protect,FULL Screen,Full Silicone 360°
Full TPU 360,Full TPU 360°,Funk,Funny Case,FunnyCase,Furnizor Online,Fusion,FUTER,Futeral,FVA,FX Factory,G Glixicom,G Golden Case,G-Case,G-Mark,G-Tech,G.Skill,Gad,Gadget,GadgetWorld,GadgetX,GAGET,GAGET AUTO,Gaia,Galaxy,Gamon Smart,Garami Shop,Garbot,Garmin,GC Mobile,GDHAPPYBUY,Gear4,Gegeszoft,Gekko,GEKKO Mobile,GEMA,GEMBID,Gembird,gemevo,GENAI,General,Generic,Geometric,GERDANI BG,Germag,Getihu,Ghost,Ghostek,Giftexpress,Gigabyte
GiGANT RETAILER,gigapack,GIOMOUNTS,Gionee,Girafus,gitfos,GKK,GKKCase,GLAMIUM,Glass,Glass Armor,Glass Gold,Glass Pro,Glass Screen,GLASS SCREEN PRO+,Glass xs premium,GlassPRO,Glastify,Glitter,Global Artcaflo,Global technologies,Global Technology,Globalport Retail,GloMax,Glow Goods,GM Smart Electronics,GM WEB PROJECT MOBILE,GMO,GO4FIT,GoCase,Goclever,GoForLux,GOGOU,Gold,GOLD MARKET,Golden Case ©,Golden Case ®,GoldenCase ©,Golf,Golla,Gonga,Goobay,Goodis,GoodRam,Google,Gooi,Goojodoq,Goopery,Goosperry,Goospery
Gorilla,GOTECH,GOUI,GP,GP Batteries,GpengKJ,Gprotect,GPS,Gradient Glass,Gradient TPU,GravaStar,GRAVITY,gravpoint,GRAVURA LUXURY,GREATON,Green Cell,Green Line,Green Lion,GREEN MOUSE,GREENCELL,GreenGo,Grid,Griffin,GripGo,Grixx,Grizz,Grizz Athletics,Grizz Glass,Grizzell Press,GrizzGlass,Grneric,Grundig,Grunding,GSM,gsm city,Gsm Store,GSMOK,GSMPDA,GTV,Guardline,GUB,Guess,Guesser,Gyhhxlh,H HCT TRONIC Household Components for Tomorrow,H Tech,Haffner,Haicom,Halber,Hama
Hame,Hana,Handy,Hansgate,HANYING,Hard,HARDY,Harry Potter,Hartowane Szkło,Harty,HAT PRINCE,HautStore,HAVIT,Haweel,Haylou,HBS,HC,HE,Health Nutrition,Heart,HEJTRHLO,Helium Digital,Hello Mobile,HEM,Herbert Richter,Herum,Hessa,Hewlett-Packard,hey,Heyner,Heyner Germania,HHOGene,HiFuture,High End,HIKVISION,Hiluckey,HIMO,Hipster,Hitcase,HLine,HMX,HNSMART,Hoco,HOCO Premium Product,HODIY,HOFI,Hohem,Hoje,Holder,Holdit
Holidi,holmi,Home,Home&Office,Homesuit,Honeycomb,Honor,Hoos,Hotriple,HouDeOS,Hover Wheel,HoverWheel,HP,HPC,HPE,HQ,HQ wear,HQcable,HR GRIP,HT,HTC,HTC Desire,HTPhone,HTPMAG,HTW,Huarigor,Huawei,HUMANTECHNIK,Hurtel,Husa Stand,HusaFolieProtectieRo,Huse Royals,Husemania,Hybrid,Hybrid Armor,HYCELL,HYsmart,HYT,I See You,i-berry,i-Blason,i-Depo,i-Genus,I-Jelly,i-JMB,i-Zore,i10,i12,i7TWS,iberry
Iberry Care,iBOX,Icanany,ICARER,Icase,ICETEK,iCover,Icsyda,ICY BOX,IDEAL,iDEAL OF SWEDEN,IdeallStore,IdealStore,IDEAS4COMFORT,IDei,iDepo,IDK,IDL,IDP-5901737385048-GXYJ72016,IDP-P5901737354976-GXYJ12016,IDP-P5901737362667-GXYA32016,IDP-P5901737362681-GXYA52016,IDP-P5901737362711-GXYJ12016,IDP-P5901737362728-GXYJ3J32016,IDP-P5901737362742-GXYJ3J32016,IDP-P5901737362766-GXYJ5,IDP-P5901737371973-GXYA32016,IDP-P5901737372284-GXYA32106,IDP-P5901737372390-GXYJ3J32106,IDP-P5901737372406-GXYJ3J32106,IDP-P5901737372437-GXYJ52106,IDP-P5901737372451-GXYJ52106,IDP-P5901737372512-GXYJ5,IDP-P5901737372529-GXYJ5,IDP-P5901737372543-GXYJ5,IDP-P5901737372550-GXYJ72016,IDP-P5901737372567-GXYJ72016,IDP-P5901737372574-GXYJ72016,IDP-P5901737372581-GXYJ72016,Iduino,IET,iFans,iFeel,iFixit,iFrogz,IFUFR,iGeneration,iGlass,iGlassProtector,IGO
iGrip,iHunt,Ikaku,iKlassQeer,iKneonei,IKOHS,Illumination,ILOGI,iLogic,iLuv,IMAK,Imation,IMK,iMount,iMove,IMPORTGSM,Imro,ImroCard,Imuca,iMyMax,Inaza,InBox,InCase,Incipio,Inear,INew,INEXUS,INFLUENTIAL TECH,InfoTouch,InfoTouch MyTable,InfoTouch OEM,Inger Drag Handmade,INIU,INK,Inkax,Inna,InnoHub,INNOVAGOODS,inny,iNOW,Insma,insta,Integral,Intenso,Inter-Tech,IonsGSM,IOOIOO,iOttie,iPacky,iPaky
iPearl,Ipega,IPEVO,IPH,iPhone,Iphone Case Perfect,Ipipoo,iProtect,IPX7,IQ,Iqbox,iRoyaCase,iRoyalCase,ISAG,Isecret,iShield,Ishieldz,iShoot,ISHOP,iSkew,iSkinz,ISME,Iso,Iso Trade,Isound,ISP,iSPACE,IT Market,IT Skins,iTec,ITech-maLL,iTelMobile,iTool,iTrend,Itskins,iUni,IVN SHOP,IVSO,iWALK,iXchange,iZowe,Izoxis,J5create,Jabees,JABRA,Jackery,Jakemy,Jayroom,Jays,JBL
Jean Paul Gaultier,Jekod,JELLICO,Jelly,Jelly Case,Jelly Mercury,Jelly Mercury Goospery,Jelly Roar,JENES & JANDURA,Jiafen,Jilis,Jin,Jison Case,Jivo,Jivo Technology,JJC,JLY,JMB,Joby,Jonkuu,Joyon,Joyon Electronics,Joyrom,JOYROOM,Joyroom Moguu,Joyshell,JRH,JT Berlin,Jubiao,JuniBelle,Jupio,Jupiter,JUPITER BRANDS,JUST CAVALLI,Just Green,Just Mobile,Just Must,Just Wireless,JVC,JvGoal,JYQAN,K KATHODE,K-Doo,K55,Kabel,KABELWELT,KABURY,kadi,Kagusiga,Kaku
Kaku Lange,KakuSiga,Kalaideng,kalibri,Kanex,Kanle,Kapsule,Karl Lagerfeld,Karl Legerfeld,Karll,KATHODE,KAVARO,KDF,kdo,Keep Calm,KEEPHONE,Keetec,KEMO,Kemot,Kenu,Kenzo,Kesper,Kevlar,Keycraft,KHOMO,Kickstand,KIK,Kikkerland,Kingleen,KINGMAS,Kingmax,KINGSTAR,Kingston,KINGXBAR,Kioxia,Kipa,Kiss,KissCase,Kisswill,Kit,KitSound,Kivee,KlaussTech,KLGO,Klipsch,KMP,KMT,KnightX,Kodak,KOLORENO
Konfulon,Konig,Koolnee,Koracell,Kosiil,KotaBaby,KRAFT&DELE,KraftDele,krasscom,KRASSUS,Kribo,Kruger,Kruger&Matz,Krusell,Krux,Kruz,KSHOP,KSIX,Kubetron,Kuulaa,kwmobile,Kygo,L.B.C,La Bunicuta,labuget,Lace Pink,Lacoste,LaiXiaoBei,Lamborghini,LAMICA,Lampa,LAMPA ITALIA,Lamtech,Lanberg,Landberg,Langsdom,Lanhiem,LANKOER,LARTEK,Lasercraft,Last Impact,Lativ,Laut,LAUT USA,LAV COD ELECTRONIC,Lazy G,Lazysmart,LC.IMEEKE,LDK,Ldnio
Leaf B&W,LEBLOU,Lecheng,Lechpol,Lechpol Zbigniew Leszek,Led,LED LENSER,Ledstudio,LEEU Design,Leexo,Legrand,Leitz,Lejla,lemn,Lemniko,Lemnob,Lemontti,Lenovo,Lenovo A656,lens,lensvin,LENUO,Leo,LET,LET'S COM,Letine,LETSCOM,Level,Levelo,Levenhuk,Lexar,Lexibook,Lexon,LG,LG K10,Liauekay,LIBOX,LIDACTIVE,Lider,Lider Bus,Lidian,Liebeskind,Liebeskind Berlin,LIEQI,LifeProof,Lilware,Lindy,LINK DREAM,Linomag,Linx Technologies
Lipa,LIQUID,LIQUID ARMOR,Litchi,Lito,Litra,LittleDomi,Livon,Livon+,Livoo,LMI,Logic Gsm,LogiLink,Logitech,Loglink,Lokithor,Lola Store,LONG,Loomax,Looney Tunes,Loowoko,Lost Dog,Louise&Mann,Love February,LOVE MEI,LP,LPAILON,LQT,LRTM BT,LTC,LTK,Lucas,Lucasfilm Ltd.,Lucky,Lucky Joy,LULE,Lumaudio,Lumi LUXURY,Luminous,Luna,Lunatik,LUPHIE,Lux,Luxo,LUXURY,LVSUN,LYNN,Léna gyermekruházat,M Technology,M-Life
M-Wave,M.N.C.,Macally,Maclean,Maclean Dubois,Mad,Mad Mask,Made in China,Maf,maffstuff,MAG,MAGCABLE,Magic,Magic Glass,Magic Guard,Magnet,Magnetic,Magnetic Air,Magneto,Magneto Cover,Magnum Heating,Magphone,MagSafe,MAGSTAR,Majurphy,MAKS,Malatec,Malipen,MaloneX,Maluki,MANEGO ONLINE SALES,Manfrotto,Manhattan,Mantis,Maoni Schutzfolien,MAPI,Marada Mobile,MARBLE,mariafrancesca.art,Mark.B7,Marmalis,Marshall,MARTECH,Marvel,Marvel (Spiderman),MARYALEX,Massa,Matheus,Mathis Ral,Matin
Matte,Maxcell,Maxcom,Maxel,Maxell,MaXlife,MaxMania,MAXWELL,Maxx,Maxximus,MAYSEN,MBR,MBX,MC,Mcdodo,MCS,mebuyz,Mechanic,Media-Tech,MEDIACOM,MediaRange,Mega,Mega Device,Mega Drive,Megatek,Meibo,Meizu,MeK Fine,Meleovo,Melkco,Memumi,Mentor,Menz,Mercaton,Mercedes,Mercedes AMG,Mercedes-Benz,Mercurry,Mercury,Mercury Goospery,Mercury Jelly,Merkie,Merry Christmas,metaSHOP,Meteroris,Metftus,METMAXX,METRU PATRAT,Mezone,Mezzo
MF & STAN IMPORT,MF&STAN IMPORT,Micel,MicroConnect,Microdata,Microform,Microsoft,Midland,Midmoon,Mietubl,MIFA,MikaMax,MIL-TEC,Millo,Mindblower,Mini,Mini Cooper,MINIBATT,Minion,Miralex,Miromoto,Mirror Case,MIV CONSULTING,MIXON,Mixon Sgp,MLpro,MNC,mng,MOB,MOBI,Mobi Store,Mobiama,Mobico,Mobilarena,Mobile,Mobile Mag,Mobile Tech Protection,Mobile Tuning,mobile view box,Mobilecom,MobileSmart,Mobilpro,Mobiltokguru,Mobilworld '78 Kft.,MOBIRED,Mobster,Mobvoi,Mocoll,Mocolo,Mocolo Tg+
Modecom,MOFI,Mohave,Molan Cano,Molan Cano Issue,Molancano,Moloke,Momax,Moment,Momostick,MONMECD,Mont Blanc,MONTIS,Montoya,Moon,MOOZY,Mopal,Mophie,MorFansi,MORO,Moshi,Mostools,MOTIFSIO,MOTO,Motomo,Motomo,Motor Starter,Motorola,Mount Holder,Movanet,Moveteck,movetek,MoXom,Mozo,Mpow,Mr Monkey,Mr Shield,Mr. Monkey Glass,Mr.Shield,MRG,MrGift,MrShield,MSONIC,MST,MSVII,MTB,MTP,MTP Products,MTR,MTV
Mujjo,multi gsm,Mundoval,MusicMan,Muvit,Muzili,MVUCA,mwp,My Choice,My Colors,My Person,my screen,My-Screen,MyBrand,MYCON,MyDesign,MYFYU,Myinnov,MyKronoz,MySafe,MyScreen,MyScreen Protector,MyscreenProtector,myStyle,Myworld,N NYTRO,Nabi Market,Nalia,Nano Hybrid Glass,Nano Optics,Nano Slim,NanoABS,NanoEdge,NANOFIXIT,Nanovator,NARI,Natec,Natec Extreme Media,National Geographic,Native Union,NaviFly,Navilock,NBrand,Necunoscut,Nedis,NedRo,nelbo,NEMO,Neo,Neo case
Neo Glass,Neste,Netac,Neverfall Pad,Nevis,Nevox,New Bee,New Case,New Fashion,new joy,NEW ONE,New Universal,newbee,Newe,Newell,NewJoy,Newqi,Newstar,Newtop,Nex,nexeri,NEXT,NEXT ONE,NexTech,Nexy,NGS,NiceGift,NileX,Nilkin,Nillkin,Nillkin Easy,NILLKIN Qin,Nimaso,NIMOX®,NINGBO,Nissan,Nite Ize,Nitecore,nizi,NJORD,Njord byELEMENTS,NJT,No brand,no name,Nobrand,NOCO,NOD,Nohon,Nokia,Nokia / Microsoft
Nomad,NoMo,Non Brand,NONAME,Nonda,Noosy,Nordic Elements,NOUSEG,Nova,Novaeast,NovaLine,NTDALL,NUBI,Nudient,NUODWELL,Nuoku,Nura,NURCA,NXE,NYTRO,Nytrogel,Nytropods,OAKYWOOD,ObaStyle,Obliq,Occa,Ocolor,OCUBE,oddloops,Odoyo,Odzu,OEHLBACH,OEM,OEM EXTRA,OEN,Offgrid Urbanised Trends,Ofisite,Okamore,OkMore,olaf,OLBO,Old school,OLMA,Olympus,OLYSON,OM,OMC,OME,OMEGA,Omnicharge
OMOTON,OMS,Onda,ONE,One Case,OneBuy,OnePlus,OneTech,ONIKUMA,ONIMAG,ONNI-TEC,Onshop,ONSOL,Onuvio,Opis Technology,OPPO,Optim,Optim Solution,Optimus AT,Orafol,ORC,Oricean,Orico,Origami,Origin,ORIGINAL,ORIGINAL DEALS,Orso,OSPE,OTB,Other,Otter Box,OtterBox,OUI POWER,OUKITEL,Ovio,OVLENG,Ownta,OX Warrior,OXE,Oxford,OZ,OZAKI,ozzzo,P.M.A,P.U,P15 wireless,P47,PadForce,Palmonix
pami accessories,PaMu,Panasonic,PANTHER,Pantone,Panzer,PANZER GLASS,PanzerGlass,PanzerShell,PARA,Paradox,PARAFASA,Paramont,Paramount,Parasource,parra,Partner,Partner Telecom,Partner Telekom,PartnerTele,PARTNERTELEKOM,Pastel Style,Patchworks,Patona,Patriot,Paw Patrol,PC Case,PC LINE,PD,Peanuts,Pebamag,pecan,Pedavo,Pegas,Peiying,Penguin,Penguin JJ,Pepe Jeans London,Perfect,Perkin,Pets,PEXIL,Peyo,PGYTECH,Phiaton,Philips,Philo,PHN Mag,Phoenix Toys,Phone
Phone Cable,phone case,PhoneGuard,PhoneSoap,Phonix,Phuture,Picun,Pifone,piksel,Pili-Paradise,Pilot Lampa Italy,Pimkie,Pineng,Pioneer,PIONEER DJ,PIPILU,Pisen,PITAKA,PIUJJA,Pivo,PixelSafe,PIXIE CREW,Pixo,PlanetPhone,Plantronics,Platine Dispositif,PLATINET,PLAYSMARTSHOP,PLS,PMA,PNI,PNY,PNYTECH,Poetic,POKKO,POLAR,Polaroid,PolarPro,POLSKA TARCZA,POLVCDG,Poly,pop it,PopSocket,Popsockets,Popsockets ®,Popsockets®,Porodo,PORT DESIGNS,Poss,POWER
Power Arc,Power bank,Power BOX,POWER JAN,Power N Go,PowerBank,POWEREX,POWERLIX,PowerLocus,POWERNEED,POWEROAK,Powerology,PowerTech,Powery,Pozostałe,Praize,PRC,Premium,Premium Maker,Premium Quality,Premium Tempered,premomag,Prepow,PreppieSkins,Prestico,PRESTIGE,Prestigio,Prime Moment,PrimeLine,PRINTERY,PRIO,Prism,Privacy,Pro Glass,Pro'sKit,Pro-Ject,Pro-Link,PROCART,Procell,Proda,producent niezdefiniowany,PROFESSIONAL,PROGLL,PROGRESSIVE,PROLIGHT,Promate,PROMERCO,PROTECT,Protects,PST
PT,Pufo,PULUZ,Punto Franco,Pure Sunny,Puridea,PURO,Puro Italia,Puro Italy,Pusheen,Puzo,PWR,Pyramid,Pzoz,Q-Link,Q2Power,QCY,QCY Armband,QCY by Xiaomi,QCY-RX,QED,qeno,Qi,QIALINO,Qianli,Qilive,Qoltec,QQ Mall,Qshell,QUALBRAND,Qualcomm,QUANDE,Quasar & Co.,Quasar&Co.,Quer,Quick Charge,Quick GSM,Quick SS,Quickuse,Qult,QuTek,QWE,QYNTECH,R-PROTECT,R2Invest,Racoon,Rahel,RAIGOR INVERSE,Rain Design,Ram Mounts
Rampow,Rapoo,Raptic,Ravan,RAVATA,RAVER,RavPower,RaxFly,Razer,RDB,Reagle,Realme,RealPower,RealStar,Rearth,REBEL,Rebeltec,Rebnik Total Grup,Recci,RED Mobile,Redmi,Redmobile,Redneck,Redpepper,Redprod Online Mag,REELIF,REEV,REFLECTION PUB,reflection vision,Regal,Remax,REMON,Reolink,RESR,Retoo,Revama,Revel,Reverse,REVOMAG,REVOSE,Richmond & Finch,Richmond&Finch,RiDATA – made in TAIWAN,RIDEAL,RidgeMonkey,RIF REFCO,rikbo,Rinco,Ring Armor,Ring Lens
Ringke,Rinke,Rivacase,Riversong,RKINC,RLN Electronics,RMEGA,RMORE,RMPACK,ROANDMAN,Roar,Roar Colorful Jelly,Roar corea,Roar Jelly Colorful,ROAR Korea,Roar Rico Armor,Robest,Rock,ROCK SPACE,Rockbros,ROCKROSE,Rockspace,Rode Microphones,Roffie,RoHS,Roline,Romet,Romoss,RONIC,Ronyes,ROOD TRADE EXCLUSIV,RoSH,Roswheel,ROTECH,ROTTER,RoveZone,Rovtop,Roxfit,ROYAL,RPC,RSB,RUAG,RUBEXIM,Rucanor,Rudo,RugGear,RUGGED,Rugged Armor,Rundong,RUNKIT
Runmus,RURIHAI,Ryane,S-View,S530,Saatchitech,Sabbat,SACKit,Sadek,safe,safe quick charge,SAFEMORE,Safers,Safta,Sagrera,saiconcept,SaIyo,SAL,SAMFOLK,Samidy,SAMMATO,Samsung,sanag,Sandberg,SanDisk,Sanfoora,Sanmes,Santorini,SANTORO,Santoro London,Saramonic,SATECHI,Savebuds,Savio,Savvies,SBOX,SBS,Scanstrut,Schwarz,Scienorm,SCK,Scooby Doo,Scosche,ScreedGuard,Screen,Screen Glass,Screen Guard,SCREEN PRO,Screen Protector,ScreenGuard
SDLOGAL,SDS,SDSds,Sdx Market,sdx-concept,Seacosmo,SEAT,Seawag,Seben,SEENDA,Segotep,Seidio,SelecLINE,SELENCIA,SELFIE,selling case,selling depot,SEMERAY,Senatel,Sencor,Seneo,Sennheiser,Senno,SENSITIVE,Senso,SEOWOOD,SEP,Serioux,SETTE,Setty,Seve Shop,Sevenoak,SFDSRO,Sferique,SGA,sgl,SGO,SGS,Shark,Shell,Shellbox,ShellBox Case,ShengTeNa,SHIELD,Shield UP,ShieldUP,SHIFTCAM,Shining Silver,Shome,SHOP LIKE A PRO
shop-expres,SHOPIX,ShopRR,shopU,Sia,Siegbert,SIGLOO,SIKAI,Sikenai,SIKS,Silicko,Silicon Power,Silicon Cover,Silicon Power,SILKASE,SilverCloud,Silvercrest,SilverHome,Silverline,Simoni Racing,Simple Fast,Simple Matte,SimpleFast,Simpli Protect,Singlait,Sinji,Sinobangoo,Sita,Siyoteam,SK PRODUCTION PL,Skech,skinz,Skoda,Skross,Skullcandy,Skycandle,SKYDDAR INNOVATION,Slabo,SLEI,Sligo,Slim,Slim Fit,SlowTon,SLR,Smallrig,SMANIA,Smars,Smart,Smart ACCESORIES,Smart Accessories
Smart Book,Smart Concept,smart engineered,Smart Glass,Smart Grid,SMART GSM,Smart Protection,Smart Sensor,SMART SPIDER,Smart Wear,Smartech,SMARTEO,SmartGadget,smartGEAR,SmartGrid,SmartGSM,SMARTIC,smartidia,SmartImport,Smartmobile,SmartScreen,SmartTech,SmartVibe smart kinder vibe,smartwood,SMARTWOODS,Smarty,Smeu Gsm,Smile,SMILEPHONE,SMLE,Smuff,Snack box,Society Corporation since 2021,SOFT,Soft Color,SOGO,SOHO,Soleil World,Somogyi,Somostel,SONGX,Sonora,Sontinh,Sony,Sony Ericsson,soumixpro,Soundcore,SoundLogic,Soundpeats,Soundvox
SP Connect,Spacer,Sparin,Speaker,Speck,SpeedDepo,Speedshop,Spencer,Spider,Spigen,SPIGEN SGP,Sponge,SpongeBob,Sport Emblema,Spring,SQE,SSK,SSMEDIA,ST3,Stand,Stands Out,Star,Star Wars,STARMAG,Startech,StartONTeam,Steff Case,Stifler,STIL MEDIA,STK,STM,Stoga,Stoyobe,STRATEGIC,Streetz,Stuff4,Sturdo,STYLEASH,SULADA,Sun Run,Sundaree,Sundiguer,SUNEX,SUNIX,SunnyLife,Sunshine,Suntop,Supcase,SUPER STONE,Super Stone Glass Screen Pro +
Super TOUCH,SUPERDRY,Superior,superl,Supero,SUPERPROTECT,Supertina,suport,Suporturi-auto,Surewo,SURITT,Suteni,SvodMedia,SVOTECH,Swarovski Elements Crystals,Sweex,Swiss Charger,SWISSANT,SWISSTEN,Switch ON,SwitchEasy,Syamag,Syncwire,SYNO,T'nB,T-MAX,T6 Power,TABSTORE,Tactical,Taggo,TAGOBEE,Taiworld,Tanat,Taofedo,TaoTronics,Targus,Tartek,Tattooit,TB,TBTIC,TCL,TD-LTE,TEAM,TEAM GROUP ELITE,Team Mobile,TEAM MOBILE ONLINE,TeamGroup,tech,Tech Armor,TECH PROTECT
TECH-PROTECT,Tech21,Techancy,TechDelivery,Techly,Techmoon,Technaxx,TechniSat,Technomen,Technovo,TechONE,Techstar,Techsuit,TeckNet,Ted,Ted Baker,TED ELECTRIC,TEHIYOL,Tekio,Teky,Tel Force One,Tel Protect,Tel1,Telemag,Teleone,TelForce One,Telforceone,telgo,TELGORBCS,Tellur,Telone,tempere glass,Tempered Glass,tempered glass pro,TemperedGlass,temperedglass pro,TEMSA,Teox,Terra,Terratec,Tescomak,Tessero,tetonq,TF1,TFO,TG,THD,The Bandit,The New Case,The Phone Closet
The Smurfs,THEICONIC,Thermaltake,Thermo,TheWiso,THEWO,ThinkDo,Thomson,Thunder,TIENTEN,Tiessa,Tigra Sport,Tinymons,Tippy,TitanAID,Titanium Drop,Tivoly,TnB,Tokbolt,Tokcenter,Tokgalaxis,Tolby Valenti,Tolifo,Tom & Jerry,Tom and Jerry,Tom Tailor,TOMTOM,TOMTOM.,TOOLS,TooQ,Top Marriage,Top Star,Top-print,Topeak,TOPEO,TOPK,Topstar,Toptel,Torras Life LTD,Torrii,Toshiba,Totalshop,TOTO Accesories,Totu,Totu Design,TotulPerfect,Touch of luxury,Touratech,TPU,TPU Case
TPU Ideko,TRACER,Tradebit,TRADIO,trandafi led,Transcend,Transparent TPU Ideko,Tranyoo,Trend Case,Trendy Secret,Trendz,Treqa,Trevi,TREXTA,Tribit,Trip Story,Tritina,Trohe,TRONIC,Tronsmart,Trop Saint,Truly Yours,Trunk,Trussardi,Trust,TrustIC,TSS,ttec,Ttm,TU&YA,Tuadia,Tucano,Tudis,TUGA,Turkey,Tuya,Tvc-Mall,Twelve South,TwelveSouth,Twill,Twinscase,TWS,TWS I11,TYLT,Type Gorilla,U.S Polo ASSN,U.S. Polo ASSN,U.S. Polo Assn.,UAG,UAZEO
UBEPRO,Ubitec,ucable,UGLY,UGREEN,UGRREN,Ugyismegveszel,UiiSII,UIQ,UKC,Ulanzi,Ulefone,Ultimate Shield,Ultra Slim,Ultrasafe,Ultrathin TPU,Umbra,UMIDIGI,Unbranded/Generic,Underline,Unicorn Beetle,Unipha,uniq,Uniscend,Unitec,Unitek,Universal,Univrsal,Upscreen,Upzz,Upzz Art,URBAN ARMOR GEAR,Urban Trends,Urbanears,Urbanista,URBBKING,URSO,US Pollo Assn,US POLO ASSN,Usams,USAMS,USB,USKUS,USLION,Usmart,USTIYA,UTOK,UTOPIA,UV,UV Tempered Glass
Uxi,V M FASHION,V-TAC,Vakoss,Valenta,valmy universal,Valuci Auto,Value,VALUELINE,VANTALL,VANTHEIR,Vanwin,Varga Studio,Varta,Vaxiuja,Vayox,VDE,VEEELA,Veger,VELCO,Velleman,Vena,Vendite,Venitivo,Vennus,Vent Holder,Venti,Vention,Vents,Venus,Verbatim,Verk Group,Verus,Vesuvio,Vetter,Vetus,VHBW,viaking,Viceversa,VIctoryMax,Vidrix,VIDVIE,vienod,Vigafon,Vigas,viMAG,Vipfan,VIPMobile,Vipow,VISBELLA
Viscani Trade,Visko,Visoli,Vitog,viva Facilities,Viva Madrid,Vivanco,Vivax,Vivid,Vivo,VIXEV,Viyogo,VKTools,VKworld,Vladut'S Story,VLN,VLS,Vodafone,Voia,Volkswagen,Volla,Voltmi,Vonmahlen,Vouni,Voxon,VPW,Vunake,VvvElectronics,WAG,Walnutt,Walzy,WAMA,Wanle,Wanscomin,WAT,Wavefun Professional,WB,WDR,Wedo,Well,WELUOT,WeOne,Western Digital,weytech,WheelZone,Whippy,White Diamonds,White Label,Whitelabel,WHITESHARK
Whitestone,WHITESTONE DOME,Whoosh,Widjit,Wiko,Wild Man,Wileyfox,WILMA,Wimitech,Wink,Wisam,Wisdomup,WISE PET,wistig,WITS,Wiwu,WK,WK Design,Wonderland,woodmag,Woodpecker,WOOP,Wopow,WORD,wow fix it,WOZINSKY,Wrap Store,WSKEN,WTO,Wybee,WZK,X Line,X-byer,X-Doria,X-DRAGON,X-Fitted,X-LEVEL,X-longer,X-One,X.O.,Xblitz,XD,XD Collection,XD Xclusive,XDEFENCE,Xenic,Xiaodu,Xiaomi,Xindao,XINGE
XLEVEL,XO,XO Design,Xoomz,XQ MAX,Xqisit,XREC,XS,XTAR,Xtorm,Xtrems,XX.Y,Y Calble,Yana,YATOVUR,Yellow,Yelomin,Yenkee,Yesido,Yigo,YIJBAO,Yingqin,Yingyun,YISON,Yongnuo,YooBao,Yookie,YOOP,YOOSTORE,Yosh,Yosoo,Youblink,YOUniversal,YOURZ,Youthup,YULMI,YunTeng,YUPPI LOVE TECH,YWD-FMM,ZAFIT,Zagg,ZAGG InvisibleShield,ZAMO,Zaragoo,ZasLuke,Zeadio,ZENBRE,ZENDURE,zenifique,Zenino
ZENKABEAT,ZENNIC,Zenno,Zens,zenwire,Zepo,ZEQAS,ZEVS,ZGA,zggzerg,ZHIYUN,Zifriend,ZIK,zioda smart essentials,Zizo,ZMEURINO,ZNT,ZOE,ZOLA,ZOLIA,Zoopie,Zore,ZTE,Ztylus,ZUTECH ELEMP GROUP,ZYuuan,Árumánia,ΟΕΜ,ОЕМ,ОМ Маркет
4World,ACTIVE,Adisc,Akasa,Akyga,Alien,Apexel,Apple,Art,ASSMANN,aswo,ATEN,Baseus,Borofone,Cable Expert,Cablexpert,CELLTEK,Co2,Delight,Dell,Delock,Detech,DICOTA,DIGITUS,Elmak,elSales,FONIX,G-Tech,Gembird,GOGOU,Golden Case ©,H HCT TRONIC Household Components for Tomorrow,Hama,Hewlett Packard,HP,i-Tec,iBOX,IcyBox,Impakt,InfoTouch OEM,Kensington,Kruger&Matz,Kubetron,Lanberg,LeTv,LogiLink,Maclean,Mentor,Mercusys,Microsoft
Mooer,Natec,OEM,OTB,Phuture,Qoltec,Raidsonic,RANOTY,REVOMAG,Roline,Samsung,Savio,SFDSRO,Silicko,Skross,SMART GSM,SmartGSM,Targus,Techly,Telforceone,UGREEN,Unitek,Usams,Value,VALUELINE,WACOM
MRG,Apple,Logitech,Microsoft,SIGLOO,Inateck,Chigoods,Zoopie,Moko,Hama,Loomax,Zagg,OEM,SMART TabbyBoo,Siegbert,ZENKABEAT,Huawei,Kruger&Matz,Sundiguer,A+,Belkin,CHOETECH,Excitat,Ikaku,Kobo,Lipa,Samsung,Ted,Usams,Vakoss,Vivo,krasscom
4smarts,A+,AceFast,AIX,Aix Professional Bussines,Alca Germania,AMIO,Amis,Art,Auto Style,Avantree,awwaline,Baseus,BIBILEL,BLASHORN,BOMSTOM,Borofone,BV,CarCo,CARGUARD,CARMAX,Carmotion,CBM,Cellular Line,COOCHEER,Crong,Cubis,DAO,Decos,Delight,Earldom,EDAR,Electro,Emtex,Energizer,ESPERANZA,Feca,FIXED,Florenta Total A.M 2005,Flourish Lama,Fonken,Forever,FOXMAG24,G Glixicom,G-Tech,Garmin,Gembird,Generic,Girafus,GOGOU
Golden Case ©,GRAVITY,GREATON,Griffin,GS,GURAU D&G,Heyner Germania,Hobber,Hoco,HouDeOS,HTW,i-JMB,IMK,InfoTouch MyTable,INNOVAGOODS,insta,iOttie,IROAD,IROAD - made in KOREA,Jiafen,JOYROOM,Kenu,Kit,Kodak,Kribo,Kruger&Matz,Lampa,Lazysmart,Leo,Lipa,LTC,M.N.C.,Macally,Maclean,Magnetic,Mangu,Maxcom,MaXlife,Mcdodo,Media-Tech,MNC,Modecom,Mophie,MRG,MyWay,Nabi Market,nizi,NovaLine,OEM,OMEGA
ONIMAG,PersonalX,PGYTECH,PRO,Procell,Qoltec,Race Sport,reflection vision,Remax,Ringke,RLN Electronics,Rock,Rombic,RTAKO,Samsung,SATECHI,SBOX,Scosche,selling depot,SIKS,Simple Fast,Smart Product,Smart Protection,Smart Sensor,SmartGadget,SOHO,Sony,soumixpro,Spacer,STARMAG,Sumex,Suporturi-auto,SWISSTEN,Targus,TECH-PROTECT,Techancy,Techly,TechONE,Techstar,Techsuit,TELGORBCS,Tellur,The Phone Closet,Thermaltake,TOMTOM,TRACER,Trust,TwelveSouth,UGREEN,Universal
Usams,USLION,VD VERY DREAM,Vennus,Verk Group,Vetter,Viscani Trade,Vogel's,Vonino,WDR,Well,Whitelabel,WTO,XO,Xtrobb,Yesido,ZOLA
OEM,Qoltec,Kruger&Matz,Akyga,Golden Case ©,Apple,Emos,kwmobile,Hama,MMD,Goobay,Inateck,InfoTouch OEM,Microsoft,OMEGA,TOPK,ASUS,BTY,Choetec,DRL,Dell,Detech,Dudao,FOXCONN,G Golden Case,GOTECH,GoldenCase ©,HNSMART,Huawei,M-Life,Maxcell,Mentor,PNI,PORT DESIGNS,SOHO,Samsung,Scanstrut,TwelveSouth,Unitek,Well,iBOX,krasscom
3M,3MK,3mk Protection,4smarts,ACTIVE,Akashi,Alien Surface,ALOGY,Alte brand-uri,AmaizingThing,Apple,Artwizz,ASKSA,Baseus,Belkin,Benks,BIBILEL,Blue Star,Bluestar,Ceramics,CoolMobile,DEFENSLIM,Devia,Dr.Shield,Duragon,DuxDucis,Eiger,ESR,Eurocell,FIXED,FoxCrypt,G Golden Case,G-Tech,Glass Pro,Golden Case ©,Golden Case ®,Grizz Glass,GrizzGlass,Guardline,Hama,Hartowane Szkło,HIMO,HOFI,HTPhone,HTPMAG,Huawei,Hugu,Hurtel,iDepo,Ipad Case Perfect
iTool,Joyshell,KMP,kwmobile,Lenovo,Lito,LNMBBS,Microsoft,MMD,Mobile Mag,MobileSmart,Mobilpro,Moshi,MTP Products,MyScreen,NANO4LIFE,Nevox,NEXT ONE,Nillkin,NONAME,OEM,Optim Solution,PANZER GLASS,PanzerGlass,Paperlike,PowerTech,Premium Quality,PROTECT,Protects,PURO,QIALINO,RED Mobile,Remax,REVOMAG,Ringke,ROCKROSE,Samsung,Screen,SDS,SIGLOO,SILKASE,Smart,Smart Protection,SOHO,Spigen,TABSTORE,TEAM MOBILE ONLINE,telgo,TELGORBCS,TemperedGlass
Tokgalaxis,Torrii,TotulPerfect,UAG,UAZEO,Upzz,Usams,Vigafon,WOZINSKY,Xiaomi,Yellow,ZAGG InvisibleShield,Zifriend
